game_id,title,issue_count,issues
1,ELDEN RING NIGHTREIGN,0,
2,Rust,2,categories: not sorted alphabetically; genres: not sorted alphabetically
4,HELLDIVERS 2,0,
5,Tom Clancy's Rainbow Six Siege,1,categories: not sorted alphabetically
6,Dead by Daylight,2,categories: not sorted alphabetically; genres: not sorted alphabetically
8,Grand Theft Auto V Enhanced,0,
9,DayZ,2,categories: not sorted alphabetically; genres: not sorted alphabetically
10,Warframe,2,categories: not sorted alphabetically; genres: not sorted alphabetically
11,R.E.P.O.,2,categories: not sorted alphabetically; genres: not sorted alphabetically
12,Don't Starve Together,2,categories: not sorted alphabetically; genres: not sorted alphabetically
13,PAYDAY 2,0,
14,Left 4 Dead 2,2,categories: not sorted alphabetically; genres: not sorted alphabetically
15,Destiny 2,0,
16,Terraria,2,categories: not sorted alphabetically; genres: not sorted alphabetically
17,Project Zomboid,2,categories: not sorted alphabetically; genres: not sorted alphabetically
18,ARK: Survival Evolved,2,categories: not sorted alphabetically; genres: not sorted alphabetically
19,Rocket League,2,categories: not sorted alphabetically; genres: not sorted alphabetically
20,Garry's Mod,2,categories: not sorted alphabetically; genres: not sorted alphabetically
21,Palworld,2,categories: not sorted alphabetically; genres: not sorted alphabetically
22,7 Days to Die,2,categories: not sorted alphabetically; genres: not sorted alphabetically
23,Total War: WARHAMMER III,2,categories: not sorted alphabetically; genres: not sorted alphabetically
24,Factorio,1,categories: not sorted alphabetically
25,The Binding of Isaac: Rebirth,2,categories: not sorted alphabetically; genres: not sorted alphabetically
26,Valheim,2,categories: not sorted alphabetically; genres: not sorted alphabetically
27,Black Desert,2,categories: not sorted alphabetically; genres: not sorted alphabetically
28,Brawlhalla,1,categories: not sorted alphabetically
29,Age of Empires II: Definitive Edition,2,categories: not sorted alphabetically; genres: not sorted alphabetically
30,Satisfactory,2,categories: not sorted alphabetically; genres: not sorted alphabetically
31,Monster Hunter Wilds,0,
32,Monster Hunter: World,0,
33,V Rising,2,categories: not sorted alphabetically; genres: not sorted alphabetically
34,Phasmophobia,2,categories: not sorted alphabetically; genres: not sorted alphabetically
36,Squad,0,
37,Diablo IV,2,categories: not sorted alphabetically; genres: not sorted alphabetically
38,Fallout 76,2,categories: not sorted alphabetically; genres: not sorted alphabetically
39,Borderlands 2,0,
40,Risk of Rain 2,0,
41,Gray Zone Warfare,0,
42,Bloons TD 6,2,categories: not sorted alphabetically; genres: not sorted alphabetically
43,The Planet Crafter,2,categories: not sorted alphabetically; genres: not sorted alphabetically
44,"Warhammer 40,000: Darktide",0,
45,Arma 3,0,
46,Age of Empires IV: Anniversary Edition,0,
47,"Warhammer 40,000: Space Marine 2",2,categories: not sorted alphabetically; genres: not sorted alphabetically
48,Brotato,2,categories: not sorted alphabetically; genres: not sorted alphabetically
49,Hunt: Showdown 1896,0,
50,Lethal Company,2,categories: not sorted alphabetically; genres: not sorted alphabetically
52,Last Epoch,2,categories: not sorted alphabetically; genres: not sorted alphabetically
53,Conan Exiles,2,categories: not sorted alphabetically; genres: not sorted alphabetically
54,New World: Aeternum,2,categories: not sorted alphabetically; genres: not sorted alphabetically
55,Split Fiction,1,categories: not sorted alphabetically
56,Sea of Thieves: 2025 Edition,2,categories: not sorted alphabetically; genres: not sorted alphabetically
57,Call of Duty: Black Ops III,0,
58,Deep Rock Galactic,2,categories: not sorted alphabetically; genres: not sorted alphabetically
59,It Takes Two,2,categories: not sorted alphabetically; genres: not sorted alphabetically
60,Dying Light,2,categories: not sorted alphabetically; genres: not sorted alphabetically
62,Raft,2,categories: not sorted alphabetically; genres: not sorted alphabetically
64,Path of Exile,2,categories: not sorted alphabetically; genres: not sorted alphabetically
65,Killing Floor 2,2,categories: not sorted alphabetically; genres: not sorted alphabetically
66,Sons Of The Forest,2,categories: not sorted alphabetically; genres: not sorted alphabetically
67,Ready or Not,0,
68,Dying Light 2 Stay Human: Reloaded Edition,2,categories: not sorted alphabetically; genres: not sorted alphabetically
69,Space Engineers,2,categories: not sorted alphabetically; genres: not sorted alphabetically
70,Among Us,2,categories: not sorted alphabetically; genres: not sorted alphabetically
71,The Outlast Trials,2,categories: not sorted alphabetically; genres: not sorted alphabetically
72,MONSTER HUNTER RISE,0,
73,"Warhammer 40,000: Rogue Trader",2,categories: not sorted alphabetically; genres: not sorted alphabetically
74,Divinity: Original Sin 2 - Definitive Edition,0,
75,Halo: The Master Chief Collection,0,
76,Borderlands 3,2,categories: not sorted alphabetically; genres: not sorted alphabetically
78,Party Animals,0,
82,Anno 1800,0,
84,Dinkum,2,categories: not sorted alphabetically; genres: not sorted alphabetically
85,Grounded,2,categories: not sorted alphabetically; genres: not sorted alphabetically
86,Grim Dawn,2,categories: not sorted alphabetically; genres: not sorted alphabetically
87,Barotrauma,2,categories: not sorted alphabetically; genres: not sorted alphabetically
88,Halo Infinite,0,
89,Crossout,0,
90,theHunter: Call of the Wild,2,categories: not sorted alphabetically; genres: not sorted alphabetically
91,FOR HONOR,2,categories: not sorted alphabetically; genres: not sorted alphabetically
93,Warhammer: Vermintide 2,0,
95,Overcooked! 2,1,categories: not sorted alphabetically
96,Cuphead,1,categories: not sorted alphabetically
97,Myth of Empires,2,categories: not sorted alphabetically; genres: not sorted alphabetically
98,Ghost of Tsushima DIRECTOR'S CUT,0,
99,Portal 2,0,
100,Insurgency: Sandstorm,1,categories: not sorted alphabetically
101,Escape the Backrooms,2,categories: not sorted alphabetically; genres: not sorted alphabetically
103,World War Z,2,categories: not sorted alphabetically; genres: not sorted alphabetically
104,Green Hell,2,categories: not sorted alphabetically; genres: not sorted alphabetically
105,Wartales,1,categories: not sorted alphabetically
107,REMNANT II,0,
108,Age of Mythology: Retold,0,
109,Tinkerlands,2,categories: not sorted alphabetically; genres: not sorted alphabetically
110,ICARUS,1,categories: not sorted alphabetically
111,Stormworks: Build and Rescue,0,
112,Tom Clancy's Ghost Recon Wildlands,2,categories: not sorted alphabetically; genres: not sorted alphabetically
113,Nioh 2 – The Complete Edition,2,categories: not sorted alphabetically; genres: not sorted alphabetically
114,Tom Clancy's Ghost Recon Breakpoint,1,categories: not sorted alphabetically
115,Gunfire Reborn,1,categories: not sorted alphabetically
117,Medieval Dynasty,2,categories: not sorted alphabetically; genres: not sorted alphabetically
118,Ultimate Chicken Horse,2,categories: not sorted alphabetically; genres: not sorted alphabetically
119,Gang Beasts,1,categories: not sorted alphabetically
120,Stick Fight: The Game,1,categories: not sorted alphabetically
121,Human: Fall Flat,1,categories: not sorted alphabetically
122,Lovers in a Dangerous Spacetime,1,categories: not sorted alphabetically
123,Streets of Rage 4,1,categories: not sorted alphabetically
124,Teenage Mutant Ninja Turtles: Shredder's Revenge,1,categories: not sorted alphabetically
125,Broforce,1,categories: not sorted alphabetically
126,A Way Out,1,categories: not sorted alphabetically
127,Moving Out,2,categories: not sorted alphabetically; genres: not sorted alphabetically
129,TowerFall Ascension,1,categories: not sorted alphabetically
130,Spelunky 2,2,categories: not sorted alphabetically; genres: not sorted alphabetically
131,Trine 4: The Nightmare Prince,2,categories: not sorted alphabetically; genres: not sorted alphabetically
132,Rayman Legends,1,categories: not sorted alphabetically
134,Jackbox Party Pack,1,categories: not sorted alphabetically
135,Move or Die,1,categories: not sorted alphabetically
137,PlateUp!,2,categories: not sorted alphabetically; genres: not sorted alphabetically
138,KeyWe,1,categories: not sorted alphabetically
139,Full Metal Furies,1,categories: not sorted alphabetically
140,Phogs!,1,categories: not sorted alphabetically
141,Unravel Two,2,categories: not sorted alphabetically; genres: not sorted alphabetically
143,Back 4 Blood,0,
144,Aliens: Fireteam Elite,0,
145,Content Warning,2,categories: not sorted alphabetically; genres: not sorted alphabetically
146,Vampire Survivors,2,categories: not sorted alphabetically; genres: not sorted alphabetically
148,Core Keeper,2,categories: not sorted alphabetically; genres: not sorted alphabetically
149,Stardew Valley,2,categories: not sorted alphabetically; genres: not sorted alphabetically
150,Keep Talking and Nobody Explodes,1,categories: not sorted alphabetically
151,PICO PARK,1,categories: not sorted alphabetically
152,Overcooked! All You Can Eat,1,categories: not sorted alphabetically
153,PAYDAY 3,2,categories: not sorted alphabetically; genres: not sorted alphabetically
154,Magicka 2,0,
155,We Were Here Together,1,categories: not sorted alphabetically
156,We Were Here Forever,2,categories: not sorted alphabetically; genres: not sorted alphabetically
157,Crab Game,0,
158,Escape Academy,0,
159,Tiny Tina's Wonderlands,0,
160,Sackboy: A Big Adventure,0,
161,Roboquest,2,categories: not sorted alphabetically; genres: not sorted alphabetically
162,No Man's Sky,2,categories: not sorted alphabetically; genres: not sorted alphabetically
163,Castle Crashers Remastered,1,categories: not sorted alphabetically
164,Astroneer,2,categories: not sorted alphabetically; genres: not sorted alphabetically
165,Outriders,0,
166,Moving Out 2,1,categories: not sorted alphabetically
167,Divinity: Original Sin,0,
169,Warhammer: End Times - Vermintide,0,
170,Devour,0,
172,Grand Theft Auto V Legacy,0,
173,Baldur's Gate 3,1,categories: not sorted alphabetically
174,War Thunder,0,
175,EA SPORTS FC 25,1,categories: not sorted alphabetically
176,Hearts of Iron IV,2,categories: not sorted alphabetically; genres: not sorted alphabetically
177,NBA 2K25,1,categories: not sorted alphabetically
178,Schedule I,2,categories: not sorted alphabetically; genres: not sorted alphabetically
179,FINAL FANTASY XIV Online,2,categories: not sorted alphabetically; genres: not sorted alphabetically
180,FANTASY LIFE i: The Girl Who Steals Time,2,categories: not sorted alphabetically; genres: not sorted alphabetically
181,Lost Ark,2,categories: not sorted alphabetically; genres: not sorted alphabetically
182,Path of Exile 2,0,
183,The Elder Scrolls Online,2,categories: not sorted alphabetically; genres: not sorted alphabetically
184,Farming Simulator 25,0,
186,Europa Universalis IV,0,
187,Enshrouded,2,categories: not sorted alphabetically; genres: not sorted alphabetically
188,Unturned,2,categories: not sorted alphabetically; genres: not sorted alphabetically
189,Forza Horizon 5,2,categories: not sorted alphabetically; genres: not sorted alphabetically
190,Tom Clancy’s The Division 2,0,
191,World of Warships,1,categories: not sorted alphabetically
192,RoadCraft,0,
193,MapleStory,1,categories: not sorted alphabetically
194,World of Tanks Blitz,1,categories: not sorted alphabetically
195,Farming Simulator 22,0,
196,F1 25,1,categories: not sorted alphabetically
198,Tabletop Simulator,2,categories: not sorted alphabetically; genres: not sorted alphabetically
199,SMITE 2,2,categories: not sorted alphabetically; genres: not sorted alphabetically
200,Forza Horizon 4,2,categories: not sorted alphabetically; genres: not sorted alphabetically
201,Elite Dangerous,0,
202,Supermarket Together,1,categories: not sorted alphabetically
203,Total War: THREE KINGDOMS,2,categories: not sorted alphabetically; genres: not sorted alphabetically
204,DARK SOULS III,2,categories: not sorted alphabetically; genres: not sorted alphabetically
205,POPUCOM,2,categories: not sorted alphabetically; genres: not sorted alphabetically
206,Total War: ROME II - Emperor Edition,2,categories: not sorted alphabetically; genres: not sorted alphabetically
207,The Spell Brigade,1,categories: not sorted alphabetically
208,Drive Beyond Horizons,1,categories: not sorted alphabetically
209,Shop Titans,2,categories: not sorted alphabetically; genres: not sorted alphabetically
210,Guild Wars 2,2,categories: not sorted alphabetically; genres: not sorted alphabetically
212,Fishing Planet,2,categories: not sorted alphabetically; genres: not sorted alphabetically
213,DDraceNetwork,2,categories: not sorted alphabetically; genres: not sorted alphabetically
214,Game of Thrones: Kingsroad,1,categories: not sorted alphabetically
215,Ravenswatch,1,categories: not sorted alphabetically
216,Enlisted: Reinforced,0,
217,PowerWash Simulator,0,
218,House Flipper 2,1,categories: not sorted alphabetically
219,Supermarket Simulator,1,categories: not sorted alphabetically
220,Company of Heroes 2,2,categories: not sorted alphabetically; genres: not sorted alphabetically
221,Devil May Cry 5,0,
222,Call to Arms - Gates of Hell: Ostfront,2,categories: not sorted alphabetically; genres: not sorted alphabetically
223,Red Dead Online,0,
224,Company of Heroes 3,2,categories: not sorted alphabetically; genres: not sorted alphabetically
226,Realm of the Mad God Exalt,2,categories: not sorted alphabetically; genres: not sorted alphabetically
227,Predecessor,1,categories: not sorted alphabetically
228,Total War: SHOGUN 2,2,categories: not sorted alphabetically; genres: not sorted alphabetically
229,PGA TOUR 2K25,1,categories: not sorted alphabetically
230,Mechabellum,2,categories: not sorted alphabetically; genres: not sorted alphabetically
231,Age of Wonders 4,2,categories: not sorted alphabetically; genres: not sorted alphabetically
232,Escape Simulator,0,
233,Pikuniku,0,
234,GTFO,1,categories: not sorted alphabetically
235,We Need To Go Deeper,1,categories: not sorted alphabetically
236,Dungeon of the ENDLESS™,2,categories: not sorted alphabetically; genres: not sorted alphabetically
237,Heave Ho,1,categories: not sorted alphabetically
238,Necesse,2,categories: not sorted alphabetically; genres: not sorted alphabetically
239,Ghost Watchers,1,categories: not sorted alphabetically
240,Chained Together,1,categories: not sorted alphabetically
241,Besiege,1,categories: not sorted alphabetically
242,Sunkenland,2,categories: not sorted alphabetically; genres: not sorted alphabetically
243,Backrooms: Escape Together,2,categories: not sorted alphabetically; genres: not sorted alphabetically
244,Volcanoids,2,categories: not sorted alphabetically; genres: not sorted alphabetically
245,We Were Here,1,categories: not sorted alphabetically
246,Totally Reliable Delivery Service,1,categories: not sorted alphabetically
247,For The King,2,categories: not sorted alphabetically; genres: not sorted alphabetically
248,For The King II,2,categories: not sorted alphabetically; genres: not sorted alphabetically
249,Bopl Battle,1,categories: not sorted alphabetically
250,Cult of the Lamb,1,categories: not sorted alphabetically
251,Shovel Knight: Treasure Trove,1,categories: not sorted alphabetically
252,Soulmask,2,categories: not sorted alphabetically; genres: not sorted alphabetically
253,Prodeus,1,categories: not sorted alphabetically
254,Towerborne,0,
255,Ship of Fools,1,categories: not sorted alphabetically
256,Patch Quest,0,
257,Goose Goose Duck,1,categories: not sorted alphabetically
258,THE FINALS,1,categories: not sorted alphabetically
259,Marvel Rivals,1,categories: not sorted alphabetically
260,Tower Unite,1,categories: not sorted alphabetically
261,Delta Force,1,categories: not sorted alphabetically
262,Apex Legends™,1,categories: not sorted alphabetically
263,Phantasy Star Online 2 New Genesis,2,categories: not sorted alphabetically; genres: not sorted alphabetically
264,PEAK,1,categories: not sorted alphabetically
265,Absolum,1,categories: not sorted alphabetically
266,RV There Yet?,1,categories: not sorted alphabetically
267,Borderlands 4,0,
268,Coral Island,0,
269,Windswept,1,categories: not sorted alphabetically
270,Bellwright,2,categories: not sorted alphabetically; genres: not sorted alphabetically
271,ARC Raiders,0,
272,Minecraft Dungeons,2,categories: not sorted alphabetically; genres: not sorted alphabetically
273,Dune: Awakening,2,categories: not sorted alphabetically; genres: not sorted alphabetically
274,Orcs Must Die! 3,1,categories: not sorted alphabetically
275,Spiritfarer®: Edizione Farewell,0,
276,Abyssus,1,categories: not sorted alphabetically
277,Dying Light: The Beast,0,
278,Monaco: What's Yours Is Mine,1,categories: not sorted alphabetically
279,LEGO® Star Wars™: La Saga Degli Skywalker,0,
280,Untitled Goose Game,0,
281,Operation: Tango,0,
282,Unrailed 2: Back on Track,1,categories: not sorted alphabetically
283,Tools Up!,1,categories: not sorted alphabetically
284,Biped 2,0,
285,Nobody Saves the World,1,categories: not sorted alphabetically
286,Darksiders Genesis,0,
287,Children of Morta,1,categories: not sorted alphabetically
288,Trine 5: A Clockwork Conspiracy,0,
289,Ember Knights,1,categories: not sorted alphabetically
290,CarX Drift Racing Online,0,
291,DARK SOULS II: Scholar of the First Sin,2,categories: not sorted alphabetically; genres: not sorted alphabetically
292,DOOM,2,categories: not sorted alphabetically; genres: not sorted alphabetically
293,Sniper Elite 5,0,
294,Rec Room,0,
295,Plague Inc: Evolved,0,
296,"Ranch Simulator: Build, Hunt, Farm",0,
297,ONE PIECE Bounty Rush,0,
298,Total War: WARHAMMER II,2,categories: not sorted alphabetically; genres: not sorted alphabetically
299,Abiotic Factor,2,categories: not sorted alphabetically; genres: not sorted alphabetically
300,Total War: ATTILA,2,categories: not sorted alphabetically; genres: not sorted alphabetically
301,Need for Speed Heat,2,categories: not sorted alphabetically; genres: not sorted alphabetically
302,BLEACH Brave Souls,2,categories: not sorted alphabetically; genres: not sorted alphabetically
303,"Warhammer 40,000: Gladius - Relics of War",1,categories: not sorted alphabetically
304,FIFA 22,1,categories: not sorted alphabetically
305,Kingdom Two Crowns,2,categories: not sorted alphabetically; genres: not sorted alphabetically
306,Far Cry 5,0,
307,State of Decay 2: Juggernaut Edition,2,categories: not sorted alphabetically; genres: not sorted alphabetically
308,Deadzone: Rogue,0,
309,Northgard: Definitive Edition,2,categories: not sorted alphabetically; genres: not sorted alphabetically
310,Lost Castle 2,1,categories: not sorted alphabetically
311,Farm Together 2,1,categories: not sorted alphabetically
312,Star Trek Online,2,categories: not sorted alphabetically; genres: not sorted alphabetically
313,Dead Island 2,2,categories: not sorted alphabetically; genres: not sorted alphabetically
314,Granblue Fantasy: Relink,2,categories: not sorted alphabetically; genres: not sorted alphabetically
315,Empyrion - Galactic Survival,2,categories: not sorted alphabetically; genres: not sorted alphabetically
316,eFootball PES 2021 SEASON UPDATE,1,categories: not sorted alphabetically
318,WWE 2K25,1,categories: not sorted alphabetically
319,Sniper Elite: Resistance,0,
320,FOUNDRY,0,
321,Eldegarde,0,
322,Scrap Mechanic,1,categories: not sorted alphabetically
323,Trailmakers,1,categories: not sorted alphabetically
324,Starbound,2,categories: not sorted alphabetically; genres: not sorted alphabetically
325,Pantheon: Rise of the Fallen,2,categories: not sorted alphabetically; genres: not sorted alphabetically
326,The Crew 2,2,categories: not sorted alphabetically; genres: not sorted alphabetically
327,WARNO,0,
328,WolfQuest: Anniversary Edition,2,categories: not sorted alphabetically; genres: not sorted alphabetically
329,Watch_Dogs 2,0,
330,Plants vs. Zombies Garden Warfare 2: Deluxe Editio,2,categories: not sorted alphabetically; genres: not sorted alphabetically
331,RuneScape: Dragonwilds,2,categories: not sorted alphabetically; genres: not sorted alphabetically
332,Call of Duty: Modern Warfare,1,categories: not sorted alphabetically
333,Lords of the Fallen,0,
334,Oddsparks: An Automation Adventure,1,categories: not sorted alphabetically
335,Age of Mythology: Extended Edition,2,categories: not sorted alphabetically; genres: not sorted alphabetically
336,Crab Champions,1,categories: not sorted alphabetically
337,The Lord of the Rings Online,2,categories: not sorted alphabetically; genres: not sorted alphabetically
338,One-armed robber,1,categories: not sorted alphabetically
339,Left 4 Dead,0,
340,Tom Clancy’s The Division,0,
341,MORDHAU,1,categories: not sorted alphabetically
342,Trove,2,categories: not sorted alphabetically; genres: not sorted alphabetically
343,Neverwinter Nights: Enhanced Edition,2,categories: not sorted alphabetically; genres: not sorted alphabetically
344,HumanitZ,2,categories: not sorted alphabetically; genres: not sorted alphabetically
345,Lightyear Frontier,2,categories: not sorted alphabetically; genres: not sorted alphabetically
346,Wizard101,2,categories: not sorted alphabetically; genres: not sorted alphabetically
347,Men of War: Assault Squad 2,2,categories: not sorted alphabetically; genres: not sorted alphabetically
348,ASKA,2,categories: not sorted alphabetically; genres: not sorted alphabetically
349,Deadside,2,categories: not sorted alphabetically; genres: not sorted alphabetically
350,Eco,1,categories: not sorted alphabetically
351,Legion TD 2 - Multiplayer Tower Defense,2,categories: not sorted alphabetically; genres: not sorted alphabetically
352,WEBFISHING,1,categories: not sorted alphabetically
354,Fall Guys: Ultimate Knockout,1,categories: not sorted alphabetically
355,Mindustry,1,categories: not sorted alphabetically
356,封灵档案,2,categories: not sorted alphabetically; genres: not sorted alphabetically
357,DRAGON BALL XENOVERSE 2,0,
358,Dead Frontier 2,1,categories: not sorted alphabetically
361,MechWarrior 5: Mercenaries,0,
362,Far Cry 6,2,categories: not sorted alphabetically; genres: not sorted alphabetically
363,Wobbly Life,1,categories: not sorted alphabetically
364,Borderlands Game of the Year Enhanced,0,
366,Avorion,2,categories: not sorted alphabetically; genres: not sorted alphabetically
367,Liar's Bar,1,categories: not sorted alphabetically
368,Titan Quest Anniversary Edition,2,categories: not sorted alphabetically; genres: not sorted alphabetically
369,Axis & Allies 1942 Online,1,categories: not sorted alphabetically
370,Tropico 6,2,categories: not sorted alphabetically; genres: not sorted alphabetically
371,Wingspan,1,categories: not sorted alphabetically
372,Apocalypse Party,1,categories: not sorted alphabetically
373,Resident Evil 5,1,categories: not sorted alphabetically
374,Far Cry 4,2,categories: not sorted alphabetically; genres: not sorted alphabetically
376,Fast Food Simulator,1,categories: not sorted alphabetically
377,Sins of a Solar Empire II,2,categories: not sorted alphabetically; genres: not sorted alphabetically
378,Sniper Elite 4,0,
379,Across the Obelisk,2,categories: not sorted alphabetically; genres: not sorted alphabetically
380,My Rusty Submarine,0,
381,Rhythm Doctor,0,
382,Unheard Scream,0,
383,DYO,0,
384,Nuclear Throne Mobile,0,
385,Froggin' Around Demo,0,
386,Hamsteria! - Demo,0,
387,SPECIMEN,0,
388,Fear Channel,0,
389,Hub OS,0,
390,Joggernauts,0,
391,East of Eden: Right of Conquest,0,
392,Micro Mages (NES / PC),0,
393,God Save The Queen,0,
394,Shagster Online 2,0,
395,Ducklings,0,
396,CHERNOZEM (PROTOTYPE),0,
397,Police Stories,0,
398,TowerFall Dark World Expansion,0,
399,Widelands,0,
400,Call of Duty: Black Ops,0,
401,Rise of Nations: Extended Edition,2,categories: not sorted alphabetically; genres: not sorted alphabetically
402,Resident Evil 6,0,
403,Void Crew,2,categories: not sorted alphabetically; genres: not sorted alphabetically
404,Sea of Stars,0,
405,Door Kickers 2: Task Force North,2,categories: not sorted alphabetically; genres: not sorted alphabetically
406,Imposter 3D: online horror,0,
407,Sneaky Stealy,0,
408,Totemori,0,
409,Snap the Sentinel - Episode 1,0,
410,Fury Unleashed: Prologue,0,
411,Sep's Diner (Oculus Quest),0,
412,Wild Woods,0,
413,Streets of Rogue,0,
414,Ancient Swarm,0,
415,The Choicer Voicer,0,
416,Pikwip,0,
419,Bubble Bobble C64 Remastered,0,
420,TowerFall 8-Player,0,
421,Sticky Cats,0,
422,0 A.D: Empires Ascendant,0,
424,M.U.L.E. Online,0,
425,Touhou Fumo Racing,0,
426,Dumpy and Bumpy,0,
427,Royal Revolt Survivors,0,
428,Aaero2: Black Razor Edition,1,categories: not sorted alphabetically
429,Rising Heat,0,
430,Esophaguys,0,
431,Bee Simulator: The Hive,1,categories: not sorted alphabetically
432,Jaleco Sports: Goal!,0,
433,Anima Flux,1,categories: not sorted alphabetically
434,Welcome to Empyreum,1,categories: not sorted alphabetically
435,The DUNGENERATOR: DIE in a Dungeon,0,
436,Tanks of Freedom,0,
437,Cro-Mag Rally,0,
438,The King of Fighters: Final attack,0,
439,Tiger Claw,0,
440,Chair Up!,0,
443,Hyper Gunsport,0,
444,Hit-X,0,
446,Aichi Emperors Zero,0,
447,NARCISSUS,0,
448,StarCrossed,0,
449,Caveman Warriors,0,
450,Rakete,0,
451,FiZZ (VIC-20),0,
452,Marco Polo,0,
453,Scarecrow COOP,0,
454,"FiZZ (Commodore 64, C64)",0,
455,Fixeight,0,
456,Combat Mission Final Blitzkrieg,1,categories: not sorted alphabetically
457,Combat Mission Fortress Italy,1,categories: not sorted alphabetically
458,Tavernacle!,0,
459,Fire Shark,0,
460,Hellfire,0,
461,Combat Mission Red Thunder,1,categories: not sorted alphabetically
462,Volley Pals,0,
463,Chut!,0,
464,Isolated Intelligence,0,
465,Bar Keep,0,
466,Shroom Bois,0,
467,Malisse,0,
468,Octopounce,0,
469,Ducktonic Adventures,0,
470,Hakros DRUGOD TV The Survival Games (Map for Doom ,0,
471,Yakuzakura,0,
472,Panique à Temple A-Steak,0,
473,Project Socket,0,
474,Tower of Freedom,0,
475,Community Egg,0,
476,Safe Space,0,
477,Pangman DEMO for Quest,0,
478,A.L.F.I.E's GAME,0,
479,Shackle,0,
480,Easy Delivery Co. Demo,0,
482,TORB,0,
483,Twin Cobra,0,
484,Funtasia,0,
485,EpicShop,0,
487,Lurking Danger,0,
488,LegacyClonk,0,
490,Quest Of Graal DX,0,
491,Garrison: Archangel (DEMO),0,
493,Obnubilia,0,
494,beaterCore,0,
495,Escape From Castle Matsumoto,0,
496,Super Pilot,0,
497,Wacky Wheels HD,0,
498,Classic TAGAP,0,
499,Flotilla,0,
500,Tomb of Rooms,0,
501,Damaged Territory,0,
502,Pretend Cars Racing,0,
503,TopplePOP Demo,0,
504,Felony Felines!,0,
505,Black Ice (Early Access),0,
506,Super Crate Box Together,0,
507,Nick Tower,0,
508,Tvö,0,
509,Partners In Uncertainty,0,
510,Never BreakUp,0,
511,Galoria Sandbox: Online,0,
512,Crisis At R.W.P. Inc.,0,
513,Wilds of the Realmwalker - Public Playtest,0,
514,Keep Painting,0,
515,Thing & Fist,0,
516,I'm Lag,0,
517,Speedy Golf,0,
518,Everwind,2,categories: not sorted alphabetically; genres: not sorted alphabetically
519,Project Castaway,2,categories: not sorted alphabetically; genres: not sorted alphabetically
520,Dragonkin: The Banished,0,
521,Tower Tag,2,categories: not sorted alphabetically; genres: not sorted alphabetically
522,Pizza Slice,2,categories: not sorted alphabetically; genres: not sorted alphabetically
523,WWE 2K26,0,
524,John Carpenter's Toxic Commando,0,
525,Mama's Sleeping Angels,0,
526,Rewind 99,2,categories: not sorted alphabetically; genres: not sorted alphabetically
527,Over The Top: WWI,2,categories: not sorted alphabetically; genres: not sorted alphabetically
528,HexBreaker Ⅱ,2,categories: not sorted alphabetically; genres: not sorted alphabetically
529,Slay the Spire 2,2,categories: not sorted alphabetically; genres: not sorted alphabetically
530,Desynced,2,categories: not sorted alphabetically; genres: not sorted alphabetically
531,DYSPLACED,2,categories: not sorted alphabetically; genres: not sorted alphabetically
532,Never Grave: The Witch and The Curse,2,categories: not sorted alphabetically; genres: not sorted alphabetically
533,Rotwood,0,
534,Scott Pilgrim EX,0,
535,Sundered: Eldritch Edition,0,
536,GuessMe!,0,
537,Dead Pixels II: Straight To Video,0,
538,CROSSNIQ+,0,
539,"PAPER TANKS (indie game, ink, doodle, unity, 2d, a",0,
540,MONUMENTAL FAILURE,0,
541,War Mongrels,2,categories: not sorted alphabetically; genres: not sorted alphabetically
542,63 Days,1,categories: not sorted alphabetically
543,Black Widow: Recharged,0,
544,Beer & Plunder,0,
545,ZeroRanger (Demo),0,
546,Don't Bite Me Bro!,0,
547,Moon Hunters,0,
548,Pyre,0,
550,Joint Drops,0,
551,PING-POMPA,0,
552,Dee | S,0,
554,Control Shift,0,
555,Corpse Box Racers,0,
556,Overthrown,2,categories: not sorted alphabetically; genres: not sorted alphabetically
557,F1 24,2,categories: not sorted alphabetically; genres: not sorted alphabetically
558,Farming Simulator 19,0,
559,Boss Bashing Button Brawlers,0,
560,Taming.io,0,
561,The Cowlitz Gamers' 2nd Adventure,0,
562,Jojo's Bizzare Adventure: Last Stand,0,
563,Space (PC),0,
565,Cyber Cycle,0,
566,Two Interviewees,0,
567,Headquarters: Cold War,2,categories: not sorted alphabetically; genres: not sorted alphabetically
568,Platform Anomaly (co-op),0,
573,Firefighting Space Monkes,0,
574,10 Rounds,0,
575,Serious Sam Evolution,0,
576,TOP HUNTER: RODDY & CATHY,0,
577,Ruins Of Mitriom,0,
578,FroggieChat,0,
579,Toasterball (Prototype),0,
580,The Colosseum Challenge,0,
581,Darkwater,0,
582,The Bus,0,
583,KIZUNA ENCOUNTER: SUPER TAG BATTLE,0,
585,Avatar: Frontiers of Pandora,0,
586,Goat Simulator 3,0,
587,Cosmoteer: Starship Architect & Commander,1,categories: not sorted alphabetically
588,Risk of Rain Returns,0,
589,Clone Drone in the Danger Zone,1,categories: not sorted alphabetically
590,MADNESS: Project Nexus,0,
591,Solasta: Crown of the Magister,1,categories: not sorted alphabetically
592,Jagged Alliance 3,2,categories: not sorted alphabetically; genres: not sorted alphabetically
593,Rabbit and Steel,1,categories: not sorted alphabetically
594,We Were Here Expeditions: The FriendShip,1,categories: not sorted alphabetically
595,Astral Ascent,1,categories: not sorted alphabetically
596,The Past Within,1,categories: not sorted alphabetically
597,Labyrinthine,0,
598,Luma Island,0,
599,Tetris® Effect: Connected,2,categories: not sorted alphabetically; genres: not sorted alphabetically
600,Roots of Pacha,0,
601,Echo Point Nova,0,
602,BOKURA,1,categories: not sorted alphabetically
603,Crow's Nest,0,
604,Chicken Joust,0,
605,Telemochi,0,
606,FNAF Online Multiplayer,0,
607,ORBSORT,0,
608,Scatteria,0,
609,EverSiege: Untold Ages,0,
610,Labyrinth,0,
611,Chained Wheels,0,
612,Data Man (NES),0,
613,Beatdown Dungeon: Demon Day - Demo v1.9,0,
614,Windward Rush (alpha),0,
615,Virtual Cottage 2,0,
616,Truxton Extreme,0,
619,Maid Cafe Coop,0,
621,Color Escape: VR Coop,0,
622,Fifth Sun: Coop racing,0,
623,Get Together: A Coop Adventure,0,
624,Cat Parents,0,
625,NAKWON: LAST PARADISE,0,
627,Subnautica 2,0,
628,Wurst Defender Coop Edition,0,
629,Rocksmith 2014 Edition REMASTERED LEARN & PLAY,0,
